game,first,winner,moves,nexus_nodes,titan_nodes,nexus_pruned,titan_pruned,nexus_time_seconds,titan_time_seconds,execution_time_seconds
1,NEXUS,DRAW,9,2148,1413,897,390,0.008084,0.004459,0.012749
2,TITAN,DRAW,9,1341,1949,369,970,0.004486,0.006587,0.011235
3,NEXUS,DRAW,9,2148,1413,897,390,0.008204,0.00439,0.012767
4,TITAN,DRAW,9,1341,1949,369,970,0.00451,0.006612,0.011287
5,NEXUS,DRAW,9,2148,1413,897,390,0.007826,0.004313,0.012296
6,TITAN,DRAW,9,1341,1949,369,970,0.004573,0.006558,0.01129
7,NEXUS,DRAW,9,2148,1413,897,390,0.007798,0.004369,0.012323
8,TITAN,DRAW,9,1341,1949,369,970,0.005025,0.00668,0.011896
9,NEXUS,DRAW,9,2148,1413,897,390,0.008379,0.004412,0.012976
10,TITAN,DRAW,9,1341,1949,369,970,0.004515,0.006674,0.011352
